customer_reference_number,external_customer_id,first_name,last_name,email,phone_number,address,city,country,postcode,loyalty_card
1037,03090-88267-BQ,Avrit,Davidowsky,adavidowskyl@netvibes.com,+33 1 59 89 18 11,"36, avenue Ledoux",Bordeaux,France,33000,No
1205,24010-66714-HW,Chrisy,Blofeld,cblofeldo@amazon.co.uk,+33 1 95 15 92 73,chemin Morvan,Bordeaux,France,33000,No
1311,57145-31023-FK,Nanine,McCarthy,nanine.mccarthy@hotmail.com,+33 1 73 79 44 60,"17, avenue Maréchal",Bordeaux,France,33000,No
1235,66408-53777-VE,Lyndsey,Megany,lyndsey.megany@gmail.com,+33 4 94 75 75 10,"809, avenue Hoarau",Bordeaux,France,33000,No
1060,45899-92796-EI,Kerr,Patise,kpatise7z@jigsy.com,+33 1 29 70 80 21,"18, rue Lagarde",Bordeaux,France,33000,No
1086,66976-43829-YG,Domeniga,Duke,dduke82@vkontakte.ru,+33 3 67 79 23 75,rue de Gilles,Bordeaux,France,33000,No
1487,58690-31815-VY,Isidore,Hussey,ihussey84@mapy.cz,+33 4 88 80 02 00,"7, rue de Duhamel",Bordeaux,France,33000,No
1233,62863-81239-DT,Cassie,Pinkerton,cpinkerton85@upenn.edu,+33 4 69 41 89 84,"1, boulevard Goncalves",Bordeaux,France,33000,No
1327,21177-40725-CF,Micki,Fero,micki.fero@hotmail.com,+33 2 29 50 84 15,"41, chemin Nicole Lecoq",Bordeaux,France,33000,No
1453,99421-80253-UI,Cybill,Graddell,cybill.graddell@yahoo.com,+33 2 12 11 10 85,"78, rue Bruneau",Bordeaux,France,33000,No
1150,14756-18321-CL,Linn,Alaway,lalawayhh@weather.com,+33 1 45 68 35 31,"26, avenue de Pichon",Saint-Malo,France,35400,No
1508,37997-75562-PI,Cami,Meir,cmeirhi@cnet.com,+33 4 65 68 19 05,"50, boulevard Alexandria Valette",Saint-Malo,France,35400,No
1575,96116-24737-LV,Marjorie,Yoxen,myoxenhk@google.com,+33 2 43 58 62 92,"93, avenue Henriette Moreau",Saint-Malo,France,35400,No
1340,18684-73088-YL,Gaspar,McGavin,gmcgavinhl@histats.com,+33 5 65 66 49 77,"71, chemin Laetitia Mallet",Saint-Malo,France,35400,No
1748,74671-55639-TU,Lindy,Uttermare,luttermarehm@engadget.com,+33 3 00 34 71 65,"72, rue Noël Moreau",Saint-Malo,France,35400,No
1148,34666-76738-SQ,Marne,Mingey,marne.mingey@yahoo.com,+33 4 70 61 52 23,"18, rue Guy Toussaint",Saint-Malo,France,35400,No
1223,52143-35672-JF,Tuckie,Mathonnet,tmathonneti0@google.co.jp,+33 4 11 70 86 97,"67, rue Suzanne Bousquet",Saint-Malo,France,35400,No
1532,71749-05400-CN,Giana,Tonnesen,giana.tonnesen@hotmail.com,+33 1 27 50 10 76,boulevard de Raymond,Saint-Malo,France,35400,No
1129,29851-36402-UX,Almeria,Burgett,aburgetti5@moonfruit.com,+33 4 84 26 24 80,"12, avenue de Rousseau",Saint-Malo,France,35400,No
1363,12190-25421-WM,Marvin,Malloy,mmalloyi6@seattletimes.com,+33 4 97 33 26 85,"75, chemin Agnès Berger",Saint-Malo,France,35400,No
1463,23243-92649-RY,Sylas,Jennaroy,sjennaroyi8@purevolume.com,+33 4 50 99 13 72,"45, avenue de Andre",Saint-Malo,France,35400,No
1303,56891-86662-UY,Val,Wakelin,vwakelinic@unesco.org,+33 1 03 66 04 70,"68, rue de Rossi",Saint-Malo,France,35400,No
1502,87858-83734-RK,Shermy,Moseby,smosebyie@stanford.edu,+33 2 60 93 29 03,"97, chemin de Chartier",Saint-Malo,France,35400,No
1470,46818-20198-GB,Corrie,Wass,cwassif@prweb.com,+33 1 05 58 54 65,"23, rue de Sauvage",Saint-Malo,France,35400,No
1165,29808-89098-XD,Ira,Sjostrom,isjostromig@pbs.org,+33 4 93 02 77 29,avenue de Lelièvre,Saint-Malo,France,35400,No
1831,25473-43727-BY,Llywellyn,Oscroft,loscroftf@ebay.co.uk,+33 1 17 90 55 88,"43, boulevard de Maillet",Nantes,France,44000,No
1133,99643-51048-IQ,Minni,Alabaster,malabasterg@hexun.com,+33 4 29 86 13 76,"52, avenue Gabriel Seguin",Nantes,France,44000,No
1991,62173-15287-CU,Rhianon,Broxup,rbroxuph@jimdo.com,+33 4 39 15 98 04,"5, avenue Coste",Nantes,France,44000,No
1414,11107-57605-HS,Steffie,Maddrell,smaddrellfn@123-reg.co.uk,+33 1 61 11 67 47,"401, avenue Colin",Nantes,France,44000,No
1157,72072-33025-SD,Abbe,Thys,athysfo@cdc.gov,+33 4 60 45 07 08,"39, chemin de Pruvost",Nantes,France,44000,No
1073,58118-22461-GC,Jackquelin,Chugg,jchuggfp@about.me,+33 1 82 42 67 78,"107, boulevard de Martin",Nantes,France,44000,No
1537,66005-20240-MI,Dilly,Marrison,dmarrisonft@geocities.jp,+33 3 57 87 89 20,"37, chemin de Paris",Nantes,France,44000,No
1558,70140-82812-KD,Donalt,Sangwin,dsangwinfu@weebly.com,+33 2 01 64 19 80,"7, rue Laurence Allard",Nantes,France,44000,No
1253,32038-81174-JF,Cornie,Venour,cvenourfx@ask.com,+33 4 21 09 00 15,"5, boulevard Constance Deschamps",Nantes,France,44000,No
1789,99899-54612-NX,Reggie,Thickpenny,rthickpennyfz@cafepress.com,+33 3 32 99 22 01,"2, avenue de Coulon",Nantes,France,44000,No
1795,26248-84194-FI,Phyllys,Ormerod,pormerodg0@redcross.org,+33 1 72 68 59 66,"7, chemin Laure Diallo",Nantes,France,44000,No
1971,91465-84526-IJ,Russell,Donet,rdonetg6@oakley.com,+33 1 74 27 72 22,"2, boulevard Paul",Nantes,France,44000,No
1188,30844-91890-ZA,Rickey,Readie,rreadieg8@guardian.co.uk,+33 1 95 15 92 73,"9, avenue Margot Pires",Nantes,France,44000,No
1286,88992-49081-AT,Zilvia,Claisse,zilvia.claisse@gmail.com,+33 4 94 36 42 48,"8, boulevard de Bonneau",Nantes,France,44000,No
1604,53971-49906-PZ,Daniel,Heinonen,dheinonengd@printfriendly.com,+33 1 63 05 87 57,"76, avenue de Grenier",Nantes,France,44000,No
1979,87688-42420-TO,Kylie,Mowat,kylie.mowat@gmail.com,+33 1 73 79 44 60,"38, avenue Aimée Perret",Nantes,France,44000,No
1366,51901-35210-UI,Gabriel,Starcks,gstarcksgi@abc.net.au,+33 4 94 75 75 10,"82, rue Rémy Delattre",Nantes,France,44000,No
2001,92753-50029-SD,Kienan,Scholard,kscholardgk@sbwire.com,+33 4 10 27 57 32,"79, chemin Pons",Nantes,France,44000,Yes
1543,41611-34336-WT,Peyter,Lauritzen,plauritzengo@photobucket.com,+33 4 88 80 02 00,"21, rue Thibaut Mallet",Nantes,France,44000,Yes
1911,09668-23340-IC,Donavon,Fowle,dfowlegr@epa.gov,+33 2 12 11 10 85,"53, avenue de Besson",Nantes,France,44000,Yes
1132,73171-33001-FC,Brendin,Peattie,bpeattiegu@imgur.com,+33 1 69 57 62 90,"6, rue de Imbert",Nantes,France,44000,Yes
1501,90816-65619-LM,Billy,Neiland,billy.neiland@hotmail.com,+33 1 17 90 55 88,rue Colette Lévêque,Nantes,France,44000,Yes
1822,24040-20817-QB,Angelia,Cleyburn,acleyburngy@lycos.com,+33 4 39 15 98 04,rue Édouard Pruvost,Nantes,France,44000,Yes
1158,19524-21432-XP,Temple,Castiglione,tcastiglionegz@xing.com,+33 5 99 55 18 61,chemin Gérard Grégoire,Nantes,France,44000,Yes
1658,41486-52502-QQ,Gunilla,Lynch,gunilla.lynch@yahoo.com,+33 2 19 44 89 49,"87, rue Lucie Lebrun",Nantes,France,44000,Yes
1591,62762-19458-UY,Vita,Pummery,vita.pummery@gmail.com,+33 1 61 11 67 47,"421, rue Schmitt",Nantes,France,44000,Yes
1906,09171-42203-EB,Rachelle,Elizabeth,relizabethh5@live.com,+33 1 82 42 67 78,rue David,Nantes,France,44000,Yes
1734,13324-78688-MI,Cordy,Odgaard,codgaardh9@nsw.gov.au,+33 3 57 87 89 20,"7, rue Nicole Giraud",Nantes,France,44000,Yes
1021,73799-04749-BM,Bertine,Byrd,bbyrdha@4shared.com,+33 2 01 64 19 80,"68, chemin de Normand",Nantes,France,44000,Yes
1156,14640-87215-BK,Hailee,Radbone,hradbonehd@newsvine.com,+33 1 04 03 14 62,rue de Leclerc,Nantes,France,44000,Yes
1408,94447-35885-HK,Wallis,Bernth,wbernthhe@miitbeian.gov.cn,+33 4 21 09 00 15,"29, rue de Huet",Nantes,France,44000,Yes
1207,12743-00952-KO,Christel,Speak,christel.speak@yahoo.com,+33 4 09 13 90 78,"36, boulevard Luc Fabre",Paris,France,75001,Yes
1015,88167-57964-PH,Adelice,Isabell,adelice.isabell@gmail.com,+33 5 47 13 03 64,"5, rue Célina Lemaître",Paris,France,75001,Yes
1315,98921-82417-GN,Alric,Darth,adarthbt@t.co,+33 1 60 78 79 98,"6, boulevard de Samson",Paris,France,75001,Yes
1849,53486-73919-BQ,Rod,Gowdie,rod.gowdie@yahoo.com,+33 4 94 36 42 82,rue Richard,Paris,France,75001,Yes
1353,60370-41934-IF,Hamlen,Pallister,hpallisterds@ning.com,+33 4 03 11 55 33,"56, chemin Simon",Paris,France,75001,Yes
1999,97005-25609-CQ,Gale,Heindrick,gheindrickin@usda.gov,+33 1 04 63 73 13,"923, boulevard Anaïs Legros",Paris,France,75001,Yes
1521,00246-15080-LE,Francesco,Dressel,francesco.dressel@hotmail.com,+33 4 13 15 63 51,"83, boulevard de Grégoire",Paris,France,75001,Yes
1841,34704-83143-KS,Sacha,Bruun,sbruunjt@blogtalkradio.com,+33 3 56 73 21 40,"80, chemin Rémy Paul",Paris,France,75001,Yes
1908,98636-90072-YE,Nobe,Buney,nbuneylx@jugem.jp,+33 2 28 03 15 63,"5, chemin de Mallet",Paris,France,75001,Yes
1137,21403-49423-PD,Gregorius,Trengrove,gtrengrovem2@elpais.com,+33 1 49 99 78 98,"5, chemin Robert Camus",Paris,France,75001,Yes
1964,51114-51191-EW,Kienan,Ferson,kfersonon@g.co,+33 1 36 81 47 18,"1, boulevard Lelièvre",Paris,France,75001,Yes
1474,53667-91553-LT,Barnett,Sillis,bsillispw@istockphoto.com,+33 2 43 58 62 12,"511, chemin Camille Morel",Paris,France,75001,Yes
1272,00886-35803-FG,Edeline,Edney,edeline.edney@hotmail.com,+33 4 27 33 33 58,"38, rue Lefèvre",Paris,France,75001,Yes
1429,51427-89175-QJ,Adrian,Swaine,adrian.swaine@yahoo.com,+33 1 62 53 43 27,"86, avenue de Benoit",Paris,France,75002,Yes
1224,77343-52608-FF,Nat,Saleway,nsaleway1v@dedecms.com,+33 3 90 71 80 26,"6, boulevard Thierry",Paris,France,75002,Yes
1072,06953-94794-FB,Isahella,Hagland,isahella.hagland@yahoo.com,+33 5 97 48 32 63,rue de Verdier,Paris,France,75002,Yes
1896,37397-05992-VO,Hewet,Synnot,hsynnot3i@about.com,+33 4 27 63 17 41,"33, avenue Julie Robert",Paris,France,75002,Yes
1599,19017-95853-EK,Timofei,Woofinden,twoofinden3k@businesswire.com,+33 3 07 10 39 90,"92, rue de Le Roux",Paris,France,75002,Yes
1212,37078-56703-AF,Gussy,Broadbear,gbroadbear7p@omniture.com,+33 2 73 39 40 24,"867, avenue de Peron",Paris,France,75002,Yes
1319,43605-12616-YH,Elka,Windress,ewindressam@marketwatch.com,+33 1 05 02 21 10,"6, boulevard Arthur Dijoux",Paris,France,75002,Yes
1485,11812-00461-KH,Benedetto,Gozzett,bgozzettb7@github.com,+33 1 98 43 59 53,"64, chemin Dorothée Normand",Paris,France,75002,Yes
1348,88973-59503-DR,Emelita,Shearsby,eshearsbydy@g.co,+33 1 53 87 53 10,"4, chemin de Devaux",Paris,France,75002,Yes
1475,59361-00606-CU,Wyatan,Cokly,wcoklyew@acquirethisname.com,+33 1 36 38 68 82,"554, avenue Ollivier",Paris,France,75002,Yes
1455,30256-29772-KK,Leslie,Laughton,leslie.laughton@gmail.com,+33 2 83 00 72 67,"272, rue Sébastien Mercier",Paris,France,75002,Yes
1478,47355-97488-XS,Anjanette,Goldie,agoldieiw@goo.gl,+33 4 93 93 72 78,"6, avenue de Gaudin",Paris,France,75002,Yes
1351,21798-04171-XC,Wilton,Cottier,wcottierj3@cafepress.com,+33 3 51 92 07 23,"69, rue Lenoir",Paris,France,75002,Yes
1820,46478-42970-EM,Dionne,Skyner,dskynerj5@hubpages.com,+33 2 27 07 89 07,"3, rue de Vallée",Paris,France,75002,Yes
1838,17775-77072-PP,Carlie,Linskill,clinskillkh@sphinn.com,+33 3 23 95 94 45,"962, avenue Valérie Rousseau",Paris,France,75002,Yes
1179,31245-81098-PJ,Verne,Dunkerley,verne.dunkerley@yahoo.com,+33 2 07 09 05 55,"20, rue de Ramos",Paris,France,75002,Yes
1063,41899-00283-VK,Ibby,Charters,ichartersmz@abc.net.au,+33 1 28 03 37 84,"660, boulevard de Olivier",Paris,France,75002,Yes
1195,32058-76765-ZL,Devan,Crownshaw,dcrownshawnr@photobucket.com,+33 1 28 02 95 09,"366, avenue de Aubert",Paris,France,75002,Yes
1397,88574-37083-WX,Merrile,Cobbledick,mcobbledickpd@ucsd.edu,+33 5 48 96 47 50,"157, rue Pénélope Cousin",Paris,France,75002,Yes
1961,84045-66771-SL,Charlean,Keave,ckeaver1@ucoz.com,+33 2 18 14 09 94,"8, chemin de Maurice",Paris,France,75002,Yes
1226,28699-16256-XV,Javier,Causnett,javier.causnett@yahoo.com,+33 4 89 64 24 91,"394, rue de Diallo",Paris,France,75002,Yes
1518,01282-28364-RZ,Koressa,O'Geneay,kogeneayrd@utexas.edu,+33 5 23 94 67 86,"81, rue Nathalie Launay",Paris,France,75002,Yes
1108,98051-37183-SK,Dierdre,Scrigmour,dscrigmourri@cnbc.com,+33 4 11 49 82 68,"80, rue Delannoy",Paris,France,75002,Yes
1178,99358-65399-TC,Joshuah,Awdry,jawdry9q@utexas.edu,+33 3 50 59 57 95,"14, avenue Édith Millet",Paris,France,75003,Yes
1573,72164-90254-EJ,Nalani,Pirrone,npirronecl@weibo.com,+33 1 56 48 44 65,avenue Allard,Paris,France,75003,Yes
1170,93046-67561-AY,Keefer,Cake,kcakedg@huffingtonpost.com,+33 3 04 85 90 22,"708, avenue Christelle Voisin",Paris,France,75003,Yes
1335,32031-49093-KE,Birgit,Domange,bdomangeez@yahoo.co.jp,+33 2 74 59 21 32,rue Gimenez,Paris,France,75003,Yes
1310,84761-40784-SV,Andie,Rudram,arudramka@prnewswire.com,+33 1 28 23 41 24,"2, boulevard de Colas",Paris,France,75003,Yes
1671,25181-97933-UX,Tersina,Castagne,tcastagnekn@wikia.com,+33 3 98 18 95 86,"75, boulevard Caroline De Sousa",Paris,France,75003,Yes
1552,15673-18812-IU,Caddric,Krzysztofiak,ckrzysztofiakma@skyrock.com,+33 4 55 75 17 25,"64, rue Grégoire Turpin",Paris,France,75003,Yes
1787,96434-50068-DZ,Nadeen,Broomer,nbroomern6@examiner.com,+33 5 32 72 92 37,"20, rue de Pasquier",Paris,France,75003,Yes
1677,75006-89922-VW,Murielle,Lorinez,mlorineznh@whitehouse.gov,+33 4 01 87 50 09,"26, chemin Victoire Traore",Paris,France,75003,Yes
1329,13694-25001-LX,Silvio,Strase,sstrase11@booking.com,+33 5 47 13 03 01,"58, avenue Bonnin",Paris,France,75004,Yes
1916,22107-86640-SB,Archambault,Gillard,agillard1i@issuu.com,+33 3 38 43 14 74,boulevard Arthur Brun,Paris,France,75004,Yes
1230,89714-19856-WX,Doll,Beauchamp,dbeauchamp3f@usda.gov,+33 1 28 48 94 77,rue de Launay,Paris,France,75004,Yes
1639,40507-83899-MR,Christy,Franseco,cfranseco9i@phoca.cz,+33 1 00 49 94 33,"77, avenue de Durand",Paris,France,75004,Yes
1144,78224-60622-KH,Shelli,Keynd,skeynd9o@narod.ru,+33 4 70 96 24 98,rue Claude Prévost,Paris,France,75004,Yes
1846,68555-89840-GZ,Morgen,Seson,msesonck@census.gov,+33 1 06 81 42 53,"68, chemin de Renault",Paris,France,75004,Yes
1943,55515-37571-RS,Wain,Stearley,wstearleye1@census.gov,+33 1 75 23 36 34,"54, rue Dominique Caron",Paris,France,75004,Yes
1754,73346-85564-JB,Ilaire,Sprakes,isprakesf3@spiegel.de,+33 4 60 45 07 05,"9, rue David",Paris,France,75004,Yes
1860,07476-13102-NJ,Heda,Fromant,hfromantf4@ucsd.edu,+33 4 96 10 01 95,"5, chemin Gonzalez",Paris,France,75004,Yes
1813,92204-96636-BS,Roxie,Deaconson,rdeaconsonja@archive.org,+33 4 35 09 41 72,"288, chemin Margaux Da Costa",Paris,France,75004,Yes
1510,35099-13971-JI,Gay,Eilhersen,geilhersenk3@networksolutions.com,+33 5 95 85 58 82,"9, chemin de Blot",Paris,France,75004,Yes
1556,81059-24087-UE,Riva,De,rdela@usa.gov,+33 4 57 17 44 05,"3, boulevard Véronique Ledoux",Paris,France,75004,Yes
1481,11513-19816-IJ,Odette,Tocque,otocquepi@abc.net.au,+33 5 33 45 26 39,"214, chemin Victor Coulon",Paris,France,75004,Yes
1541,43014-53743-XK,Jennica,Tewelson,jtewelsonrn@samsung.com,+33 5 03 57 50 11,"8, rue de Martin",Paris,France,75004,Yes
1921,25754-33191-ZI,Mar,McIver,mar.mciver@gmail.com,+33 4 08 56 96 70,"93, avenue Poulain",Paris,France,75005,Yes
1810,42466-87067-DT,Alvis,Elwin,aelwincr@privacy.gov.au,+33 3 82 63 20 97,"53, chemin Jacquet",Paris,France,75005,Yes
1032,27493-46921-TZ,Fanny,Flanagan,fflanagand9@woothemes.com,+33 5 91 31 53 16,"63, rue Valette",Paris,France,75005,Yes
1982,69411-48470-ID,Gilberto,Cornier,gcornierjv@techcrunch.com,+33 1 82 05 98 56,"67, chemin de Blanchard",Paris,France,75005,Yes
1391,66527-94478-PB,Sarajane,Potter,sarajane.potter@yahoo.com,+33 4 72 80 37 91,boulevard de Ledoux,Paris,France,75005,Yes
1681,75961-20170-RD,Graeme,Whitehead,gwhiteheadls@hp.com,+33 1 60 91 20 98,"3, chemin Ferreira",Paris,France,75005,Yes
1186,52151-75971-YY,Darn,Penquet,dpenquetmb@diigo.com,+33 1 20 12 58 26,chemin de Lecomte,Paris,France,75005,Yes
1764,96516-97464-MF,Silvanus,Enefer,senefermm@blog.com,+33 3 67 24 72 54,"84, rue de Goncalves",Paris,France,75005,Yes
1380,60255-12579-PZ,Hillel,Mairs,hmairsn1@so-net.ne.jp,+33 1 32 05 40 63,"8, rue de Le Goff",Paris,France,75005,Yes
1299,68346-14810-UA,Spencer,Wastell,spencer.wastell@hotmail.com,+33 3 00 75 00 07,"873, chemin Éric Andre",Paris,France,75005,Yes
1891,57808-90533-UE,Derick,Snow,derick.snow@gmail.com,+33 4 01 87 50 09,"83, avenue de Fontaine",Paris,France,75005,Yes
1852,08523-01791-TI,Dorie,de,dde12@unesco.org,+33 4 53 41 90 71,"14, avenue Anaïs Launay",Paris,France,75006,Yes
1283,86881-41559-OR,Othello,Syseland,osyseland3p@independent.co.uk,+33 5 17 65 14 95,"85, boulevard Alfred Berger",Paris,France,75006,Yes
1375,07878-45872-CC,Cobby,Cromwell,ccromwell76@desdev.cn,+33 2 97 59 28 33,"58, rue Guichard",Paris,France,75006,Yes
1607,83105-86631-IU,Dell,Daveridge,ddaveridge9p@arstechnica.com,+33 1 37 02 68 81,"4, rue Lefort",Paris,France,75006,Yes
1405,31587-92570-HL,Casi,Gwinnett,cgwinnetta5@behance.net,+33 3 44 01 03 95,"604, rue Michèle Denis",Paris,France,75006,Yes
1024,83537-35563-UF,Anthia,McKeller,amckellerbo@ning.com,+33 1 80 62 83 84,"49, chemin Couturier",Paris,France,75006,Yes
1246,67847-82662-TE,Marty,Scholl,mschollom@taobao.com,+33 1 81 22 82 94,"2, rue Barthelemy",Paris,France,75006,Yes
1004,96042-27290-EQ,Daryn,Cassius,daryn.cassius@yahoo.com,+33 5 84 99 57 84,"25, rue Bruneau",Paris,France,75006,Yes
1192,08360-19442-GB,Effie,Yurkov,eyurkov6s@hud.gov,+33 1 12 46 87 26,"47, avenue Anouk Colas",Paris,France,75007,Yes
1064,70451-38048-AH,Noam,Climance,nclimance9j@europa.eu,+33 3 43 90 68 15,"1, chemin Lefort",Paris,France,75007,Yes
1861,11263-86515-VU,Randal,Longfield,rlongfielday@bluehost.com,+33 1 52 13 34 72,"13, rue Cordier",Paris,France,75007,Yes
1648,67285-75317-XI,Nevins,Glowacz,nevins.glowacz@hotmail.com,+33 1 15 18 18 88,"91, rue Lombard",Paris,France,75007,Yes
1687,32622-54551-UC,Minetta,Ackrill,mackrillbw@bandcamp.com,+33 4 32 31 65 92,"105, rue de Pires",Paris,France,75007,Yes
1261,98661-69719-VI,Celia,Bakeup,cbakeupe8@globo.com,+33 1 53 97 66 10,"39, boulevard Meunier",Paris,France,75007,Yes
1818,64897-79178-MH,Zack,Pellett,zpellettf2@dailymotion.com,+33 1 71 87 90 61,"4, rue de François",Paris,France,75007,Yes
1670,49480-85909-DG,Gabey,Cogan,gabey.cogan@gmail.com,+33 1 00 66 72 98,"326, boulevard André Thomas",Paris,France,75007,Yes
1711,50705-17295-NK,Cristina,Aleixo,caleixok5@globo.com,+33 4 60 71 77 17,"27, rue Sabine Pereira",Paris,France,75007,Yes
1056,91950-91273-JT,Philomena,Traite,ptraiteky@huffingtonpost.com,+33 5 17 10 40 99,rue de Hamon,Paris,France,75007,Yes
1017,72524-06410-KD,Haslett,Jodrelle,hjodrellelt@samsung.com,+33 5 84 01 97 32,"67, avenue Monique Cohen",Paris,France,75007,Yes
1674,40780-22081-LX,Alberta,Balsdone,abalsdonemi@toplist.cz,+33 3 19 28 88 11,"97, boulevard Potier",Paris,France,75007,Yes
1347,72778-50968-UQ,Isac,Jesper,ijespern4@theglobeandmail.com,+33 1 49 65 89 71,"127, boulevard Chevalier",Paris,France,75007,Yes
1966,16358-63919-CE,Hall,Ranner,hrannerp2@omniture.com,+33 1 85 15 88 54,"11, rue Louise Le Roux",Paris,France,75007,Yes
1657,04152-34436-IE,Maurie,Bartol,maurie.bartol@gmail.com,+33 4 79 49 92 95,"936, rue de Barbier",Paris,France,75008,Yes
1173,09960-34242-LZ,Salomo,Cushworth,salomo.cushworth@hotmail.com,+33 4 21 49 04 88,"95, boulevard de Goncalves",Paris,France,75008,Yes
1576,83947-45528-ET,Leesa,Flaonier,lflaoniera8@wordpress.org,+33 3 40 80 25 00,"24, rue Émilie Gérard",Paris,France,75008,Yes
1210,03677-09134-BC,Chance,Rowthorn,crowthornc3@msn.com,+33 3 85 96 96 97,"552, chemin de Lemaire",Paris,France,75008,Yes
1400,54597-57004-QM,Felicia,Jecock,fjecockdq@unicef.org,+33 2 07 85 54 01,"5, boulevard Morvan",Paris,France,75008,Yes
1768,18275-73980-KL,Lem,Pennacci,lpennaccieo@statcounter.com,+33 3 22 59 62 88,rue de Maillot,Paris,France,75008,Yes
1304,67743-54817-UT,Berkly,Imrie,bimriep3@addtoany.com,+33 4 27 33 33 58,"91, rue de Rolland",Paris,France,75008,Yes
1434,64965-78386-MY,Nicolina,Jenny,njennyrq@bigcartel.com,+33 1 77 84 94 12,"51, chemin Louis Paris",Paris,France,75008,Yes
1460,58689-55264-VK,Correy,Cottingham,ccottingham1o@wikipedia.org,+33 5 37 88 82 09,"9, rue Huet",Paris,France,75009,Yes
1097,87726-16941-QW,Nevsa,Fields,nevsa.fields@yahoo.com,+33 4 84 15 39 74,"43, rue Honoré Giraud",Paris,France,75009,Yes
1041,76263-95145-GJ,Willabella,Abramski,willabella.abramski@hotmail.com,+33 1 20 03 25 08,"90, chemin de Valette",Paris,France,75009,Yes
1031,22725-79522-GP,Donny,Fries,dfrieseq@cargocollective.com,+33 3 42 15 52 90,"44, boulevard de Menard",Paris,France,75009,Yes
1629,26295-44907-DK,Ambrosio,Weinmann,aweinmannj8@shinystat.com,+33 3 97 89 17 75,"35, rue Renard",Paris,France,75009,Yes
1029,89646-21249-OH,Selia,Ragles,sraglesjr@blogtalkradio.com,+33 1 95 21 84 20,boulevard Robert,Paris,France,75009,Yes
1889,97741-98924-KT,Willabella,Harvison,wharvisonjx@gizmodo.com,+33 3 26 60 71 43,"39, rue Laetitia Grenier",Paris,France,75009,Yes
1914,77657-61366-FY,Derrek,Allpress,derrek.allpress@gmail.com,+33 1 95 65 78 64,avenue Dorothée Guichard,Paris,France,75009,Yes
1220,90767-92589-LV,Felita,Eshmade,feshmadeks@umn.edu,+33 3 72 80 82 41,"237, rue Danielle Lemoine",Paris,France,75009,Yes
1243,46168-23489-RD,Antoine,Taunton,atauntonlb@bing.com,+33 4 74 47 43 45,"5, boulevard Frédéric Carpentier",Paris,France,75009,Yes
1005,29581-13303-VB,Wright,Caldero,wcalderom3@stumbleupon.com,+33 4 51 12 37 90,"16, avenue Lefebvre",Paris,France,75009,Yes
1159,44601-51441-BH,Dorey,Sopper,dsopperp4@eventbrite.com,+33 1 94 97 49 34,"72, boulevard Guillou",Paris,France,75009,Yes
1652,95152-82155-VQ,Goldie,Wynes,gwynespn@dagondesign.com,+33 1 66 21 21 49,"68, avenue Jeannine Millet",Paris,France,75009,Yes
1566,63411-51758-QC,Vernor,Pawsey,vpawseyq6@tiny.cc,+33 2 45 22 67 79,"35, boulevard de Vallet",Paris,France,75009,Yes
1821,69904-02729-YS,Annadiane,Dykes,adykes1r@eventbrite.com,+33 5 82 61 37 42,"26, avenue Éléonore Dias",Paris,France,75010,Yes
1433,49530-25460-RW,Carmina,Hubbuck,carmina.hubbuck@gmail.com,+33 4 89 79 50 43,"36, chemin De Sousa",Paris,France,75010,Yes
1897,01297-94364-XH,Deana,Staite,dstaite3z@scientificamerican.com,+4401184960013,39 Dunning Hill,London,United Kingdom,75010,Yes
1083,04947-41413-JP,Stuart,Lafee,stuart.lafee@gmail.com,+33 5 14 74 24 16,"12, chemin Lopez",Paris,France,75010,Yes
1181,82990-92703-IX,Nataniel,Helkin,nhelkine9@example.com,+33 5 38 86 90 46,"96, rue Henry",Paris,France,75010,Yes
1582,24972-55878-KX,Foster,Constance,fconstancekz@ifeng.com,+33 1 41 51 33 35,rue Pineau,Paris,France,75010,Yes
1739,83833-46106-ZC,Martie,Brimilcombe,mbrimilcombele@cnn.com,+33 4 70 01 23 65,"39, avenue Luce Moulin",Paris,France,75010,Yes
1277,63112-10870-LC,Lukas,Whittlesee,lwhittleseem1@e-recht24.de,+33 5 50 75 25 38,"23, avenue de Foucher",Paris,France,75010,Yes
1608,27930-59250-JT,Allis,Wilmore,allis.wilmore@yahoo.com,+33 1 32 71 64 57,"16, rue Lorraine Petitjean",Paris,France,75010,Yes
1722,11932-85629-CU,Hadley,Reuven,hreuvenpk@whitehouse.gov,+33 4 44 50 72 11,"10, rue Yves Lefort",Paris,France,75010,Yes
1745,14264-41252-SL,Willy,Pummery,wpummeryq3@topsy.com,+33 1 68 48 59 77,"4, rue Monnier",Paris,France,75010,Yes
1568,06624-54037-BQ,Wiley,Leopold,wleopoldqw@blogspot.com,+33 2 25 00 85 46,"4, boulevard Richard Mallet",Paris,France,75010,Yes
1384,54619-08558-ZU,Petey,Kingsbury,pkingsbury19@comcast.net,+33 1 90 39 51 02,rue Faivre,Paris,France,75011,Yes
1358,87049-37901-FU,Bram,Revel,brevel2v@fastcompany.com,+33 3 49 44 99 86,"67, rue Duval",Paris,France,75011,Yes
1666,16123-07017-TY,Teddi,Crowthe,tcrowthe7n@europa.eu,+33 3 75 47 17 47,"17, rue de Rey",Paris,France,75011,Yes
1251,86100-33488-WP,Enriqueta,Ixor,enriqueta.ixor@yahoo.com,+33 5 46 22 43 34,boulevard Paris,Paris,France,75011,Yes
1339,64435-53100-WM,Tomasina,Cotmore,tcotmore9y@amazonaws.com,+33 5 75 60 64 79,"98, rue Olivie Noël",Paris,France,75011,Yes
1751,77284-34297-YY,Koralle,Heads,kheadsca@jalbum.net,+33 3 17 83 66 88,"74, boulevard de Gonzalez",Paris,France,75011,Yes
1300,10138-31681-SD,Roxine,Drivers,rdriversd4@hexun.com,+33 1 11 06 37 46,"617, chemin de Dupré",Paris,France,75011,Yes
1925,73431-39823-UP,Kendra,Backshell,kendra.backshell@yahoo.com,+33 5 13 64 60 46,avenue Brunet,Paris,France,75011,Yes
1589,70879-00984-FJ,Tildie,Tilzey,ttilzeyeb@hostgator.com,+33 4 32 47 32 59,"31, avenue Laine",Paris,France,75011,Yes
1796,15451-65859-BG,Janela,Lemerle,jlemerleeh@ustream.tv,+33 5 53 17 22 73,"485, avenue Martin Lecomte",Paris,France,75011,Yes
1462,66794-66795-VW,Rea,Offell,rea.offell@yahoo.com,+33 4 86 32 53 41,"801, boulevard Laroche",Paris,France,75011,Yes
1482,19383-33606-PW,Suzanna,Bollam,sbollamlf@list-manage.com,+33 1 30 49 88 49,"45, avenue de Vaillant",Paris,France,75011,Yes
1456,88116-12604-TE,Frans,Habbergham,fhabberghamn8@discovery.com,+33 1 01 65 67 84,"862, boulevard Frédérique Rolland",Paris,France,75011,Yes
1858,61021-27840-ZN,Rodger,Raven,rraven9@ed.gov,+33 2 08 23 21 06,"15, boulevard Timothée Millet",Paris,France,75012,Yes
1349,25729-68859-UA,Rozele,Relton,rrelton1l@stanford.edu,+33 1 37 83 21 02,"6, rue Clémence Lebon",Paris,France,75012,Yes
1420,44708-78241-DF,Jodee,Caldicott,jcaldicott9u@usda.gov,+33 1 47 68 95 42,"9, avenue Sauvage",Paris,France,75012,Yes
1124,04776-34127-MX,Wendeline,McInerney,wmcinerneydc@wordpress.com,+33 3 54 41 30 91,"63, avenue Roger Brunet",Paris,France,75012,Yes
1546,46959-60474-LT,Bob,Giannazzi,bgiannazzidm@apple.com,+33 2 77 27 52 87,"856, chemin de Devaux",Paris,France,75012,Yes
1669,89757-51438-HX,Malynda,Glawsop,mglawsopfb@reverbnation.com,+33 5 33 93 97 98,rue Lenoir,Paris,France,75012,Yes
1345,75443-07820-DZ,Barrett,Gudde,bguddejg@dailymotion.com,+33 2 88 13 87 86,"91, rue de Roche",Paris,France,75012,Yes
1702,49671-11547-WG,Jacquelyn,Maha,jmahakc@cyberchimps.com,+33 5 44 48 64 92,"6, chemin de Boutin",Paris,France,75012,Yes
1045,36572-91896-PP,Reese,Lidgey,rlidgeykm@vimeo.com,+33 3 86 44 53 86,"24, boulevard de Maury",Paris,France,75012,Yes
1907,11621-09964-ID,Lorelei,Nardoni,lnardonil2@hao123.com,+33 4 26 77 51 45,"22, chemin de Muller",Paris,France,75012,Yes
1471,56991-05510-PR,Janella,Eden,jedenll@e-recht24.de,+33 2 74 01 47 05,"3, boulevard de Leclercq",Paris,France,75012,Yes
1254,18082-74419-QH,Miran,Doidge,mdoidgenb@etsy.com,+33 1 36 81 47 18,"70, rue de Aubert",Paris,France,75012,Yes
1087,90882-88130-KQ,Zachary,Tramel,ztramelod@netlog.com,+33 4 70 19 42 10,"7, avenue de Charpentier",Paris,France,75012,Yes
1293,06623-54610-HC,Bobbe,Renner,bobbe.renner@yahoo.com,+33 4 35 76 03 11,rue Corinne Masson,Paris,France,75012,Yes
1237,89490-75361-AF,Wilton,Jallin,wjallinpa@pcworld.com,+33 4 15 80 71 54,boulevard Perrot,Paris,France,75012,Yes
1098,69374-08133-RI,Cleopatra,Goodrum,cgoodrumqs@goodreads.com,+33 4 93 58 31 00,"694, rue Thibault Bourdon",Paris,France,75012,Yes
1411,62494-09113-RP,Marguerite,Graves,marguerite.graves@yahoo.com,+33 1 29 56 28 87,boulevard Charles,Paris,France,75012,Yes
1710,52082-49024-ON,Ray,Leivesley,rleivesleyv@canalblog.com,+33 1 80 80 84 31,"52, rue de Vincent",Paris,France,75013,Yes
1162,86437-17399-FK,Colene,Elgey,celgey25@webs.com,+33 1 69 57 62 90,"27, chemin de Benard",Paris,France,75013,Yes
1121,03396-68805-ZC,Guthrey,Petracci,gpetracci8@livejournal.com,+33 4 52 11 12 04,"794, avenue Boyer",Paris,France,75013,Yes
1291,45089-52817-WN,Inger,Bouldon,ibouldon1e@gizmodo.com,+33 1 30 62 34 79,"58, rue de Benoit",Paris,France,75013,Yes
1680,64395-74865-WF,Ilysa,Whapple,iwhapple2p@com.com,+33 4 59 50 48 93,"76, rue Diallo",Paris,France,75013,Yes
1296,92926-08470-YS,Betty,Fominov,bfominov33@yale.edu,+33 3 24 40 22 92,"3, boulevard de Pelletier",Paris,France,75013,Yes
1436,07250-63194-JO,Shawnee,Critchlow,scritchlow34@un.org,+33 1 23 19 27 06,"48, rue de Dupont",Paris,France,75013,Yes
1107,47939-53158-LS,Cordi,Switsur,cswitsur3b@chronoengine.com,+33 4 05 73 62 18,"25, rue Mercier",Paris,France,75013,Yes
1361,21815-71230-UT,Fanni,Marti,fmartiak@stumbleupon.com,+33 5 40 91 45 49,"91, avenue Bernadette Henry",Paris,France,75013,Yes
1302,60973-72562-DQ,Anson,Iddison,aiddisonaw@usa.gov,+33 5 00 82 21 20,boulevard de Dumas,Paris,France,75013,Yes
1782,48314-32864-VI,Brandy,Lottrington,blottringtonc6@redcross.org,+33 5 32 81 77 58,boulevard Emmanuelle Laine,Paris,France,75013,Yes
1422,24669-76297-SF,Heloise,Zeal,hzeald5@google.de,+33 2 89 41 11 01,"53, boulevard Antoinette Meyer",Paris,France,75013,Yes
1826,84466-22864-CE,Karl,Imorts,kimortsee@alexa.com,+33 4 50 60 98 31,"73, rue de Gautier",Paris,France,75013,Yes
1033,13441-34686-SW,Johna,Bluck,jbluckjc@imageshack.us,+33 3 28 07 27 09,chemin de Chauveau,Paris,France,75013,Yes
1726,69410-04668-MA,Simone,Capon,scaponkx@craigslist.org,+33 1 93 83 90 00,"91, avenue de Duhamel",Paris,France,75013,Yes
1899,91654-79216-IC,Arlana,Ferrea,aferreal4@wikia.com,+33 4 79 49 92 42,"77, boulevard Frédérique Lemaire",Paris,France,75013,Yes
1447,50384-52703-LA,Lyndsey,MacManus,lmacmanusmu@imdb.com,+33 5 17 11 90 35,avenue de Peron,Paris,France,75013,Yes
1140,13082-41034-PD,Romain,Avrashin,ravrashinna@tamu.edu,+33 1 81 22 82 94,"59, rue de Vallet",Paris,France,75013,Yes
1632,47268-50127-XY,Lynnea,Danton,ldantonnp@miitbeian.gov.cn,+33 1 22 84 01 62,"892, avenue Roux",Paris,France,75013,Yes
1109,20256-54689-LO,Brittani,Thoresbie,brittani.thoresbie@yahoo.com,+33 1 49 65 89 71,"853, boulevard de Blondel",Paris,France,75013,Yes
1981,74940-09646-MU,Gustaf,Ciccotti,gciccottip8@so-net.ne.jp,+33 1 28 02 95 09,"8, rue Clerc",Paris,France,75013,Yes
1776,13404-39127-WQ,Celie,MacCourt,cmaccourtpo@amazon.com,+33 1 32 05 40 63,"81, avenue Allain",Paris,France,75013,Yes
1393,76239-90137-UQ,Ferrell,Ferber,fferbera@businesswire.com,+33 3 96 54 90 09,"4, boulevard de Mary",Paris,France,75014,Yes
1346,91460-04823-BX,Isis,Pikett,ipikett1d@xinhuanet.com,+33 3 62 05 60 51,"37, boulevard Antoinette Paris",Paris,France,75014,Yes
1972,40946-22090-FP,Norene,Magauran,nmagauran2n@51.la,+33 4 50 41 92 74,"21, chemin Lucie Germain",Paris,France,75014,Yes
1654,84269-49816-ML,Portie,Cutchie,pcutchie6e@globo.com,+33 2 92 65 33 09,boulevard Louise Julien,Paris,France,75014,Yes
1557,16880-78077-FB,Terri,Farra,tfarraac@behance.net,+33 5 44 10 27 42,"23, rue Lopes",Paris,France,75014,Yes
1879,86144-10144-CB,Itch,Norquoy,inorquoyav@businessweek.com,+33 4 49 28 91 32,rue Vincent Descamps,Paris,France,75014,Yes
1035,37177-68797-ON,Arleen,Braidman,abraidmancf@census.gov,+33 4 87 29 46 64,avenue de Poulain,Paris,France,75014,Yes
1430,33000-22405-LO,Sean,Lorenzetti,slorenzettidl@is.gd,+33 5 59 33 84 61,"68, chemin Michel Muller",Paris,France,75014,Yes
2000,28121-11641-UA,Babb,Pollins,bpollinskf@shinystat.com,+33 3 39 28 80 21,rue de Charpentier,Paris,France,75014,Yes
1660,41054-59693-XE,Vinny,Shoebotham,vshoebothamkv@redcross.org,+33 5 30 31 60 56,"731, rue Ollivier",Paris,France,75014,Yes
1259,32900-82606-BO,Claudie,Weond,cweondo8@theglobeandmail.com,+33 3 54 46 88 60,chemin de Collet,Paris,France,75014,Yes
1490,91240-83405-ZQ,Caitlin,Cattermull,ccattermullq1@columbia.edu,+33 3 00 17 81 38,rue Paul Bailly,Paris,France,75014,Yes
1388,68605-21835-UF,Augustin,Waterhouse,awaterhouseq7@istockphoto.com,+33 5 84 99 57 84,"58, chemin de Delorme",Paris,France,75014,Yes
1427,29050-93691-TS,Vicki,Kirdsch,vkirdsch2o@google.fr,+33 4 25 39 84 75,"51, avenue Alexandre Weber",Paris,France,75015,Yes
1727,83895-90735-XH,Brook,Drage,bdrage39@youku.com,+33 1 84 78 47 97,"468, avenue Jules Leconte",Paris,France,75015,Yes
1439,90312-11148-LA,Lowell,Keenleyside,lkeenleyside3s@topsy.com,+33 3 42 62 80 93,boulevard de Renault,Paris,France,75015,Yes
1571,99562-88650-YF,Leia,Kernan,lkernan71@wsj.com,+33 5 26 76 33 50,"843, rue Océane Peltier",Paris,France,75015,Yes
1913,08613-17327-XT,Lucienne,Scargle,lscargle9h@myspace.com,+33 3 15 20 65 70,"20, chemin Laurent",Paris,France,75015,Yes
1644,14298-02150-KH,Giordano,Lorenzin,giordano.lorenzin@yahoo.com,+33 2 78 83 62 86,"18, rue de Germain",Paris,France,75015,Yes
1723,53817-13148-RK,Gregg,Hawkyens,ghawkyensbj@census.gov,+33 2 29 21 78 55,"25, avenue de Brunet",Paris,France,75015,Yes
1096,43606-83072-OA,Channa,Belamy,channa.belamy@gmail.com,+33 4 68 70 24 79,"65, rue de Roche",Paris,France,75015,Yes
1529,44086-16292-EU,Philippine,Starte,pstarteef@accuweather.com,+33 4 07 00 78 61,"47, rue Jacquot",Paris,France,75015,Yes
1950,39582-35773-ZJ,Vasili,Upstone,vupstoneei@google.pl,+33 2 80 66 12 49,"45, rue Gilbert Arnaud",Paris,France,75015,Yes
1128,78786-77449-RQ,Jermaine,Branchett,jbranchettii@bravesites.com,+33 1 09 30 11 90,"1, boulevard Juliette Lesage",Paris,France,75015,Yes
1903,67052-76184-CB,Mellisa,Mebes,mellisa.mebes@yahoo.com,+33 1 82 99 80 28,"48, rue Hamel",Paris,France,75015,Yes
1185,47011-57815-HJ,Silvan,McShea,smcshealy@photobucket.com,+33 3 05 79 80 18,"851, rue de Le Goff",Paris,France,75015,Yes
1120,80454-42225-FT,Jed,Kennicott,jkennicottm5@yahoo.co.jp,+33 3 06 98 13 69,"9, boulevard Gilbert Muller",Paris,France,75015,Yes
1874,80541-38332-BP,Helaina,Rainforth,hrainforthn2@blog.com,+33 4 70 19 42 10,"86, rue Adrienne Pereira",Paris,France,75015,Yes
1208,41252-45992-VS,Trumaine,Tewelson,ttewelsonnd@cdbaby.com,+33 1 20 10 60 06,"10, boulevard Marcelle Ramos",Paris,France,75015,Yes
1605,22503-52799-MI,Shelley,Titley,stitleynu@whitehouse.gov,+33 4 15 80 71 54,"1, rue Victoire Paris",Paris,France,75015,Yes
1307,67953-79896-AC,Antonius,Lewry,alewrype@whitehouse.gov,+33 2 53 26 43 23,"838, boulevard Normand",Paris,France,75015,Yes
1172,34136-36674-OM,Rosaleen,Scholar,rscholarc@nyu.edu,+33 3 75 33 39 89,"796, avenue Aurélie Blanchet",Paris,France,75016,Yes
1633,15770-27099-GX,Raynor,McGilvary,rmcgilvary1c@tamu.edu,+33 5 76 00 60 90,"126, avenue de Barbier",Paris,France,75016,Yes
1930,91074-60023-IP,Abraham,Coleman,abraham.coleman@yahoo.com,+33 1 25 04 83 15,"4, rue Laine",Paris,France,75016,Yes
1626,89208-74646-UK,Beryle,Kenwell,bkenwell6h@over-blog.com,+33 1 65 74 08 86,"6, boulevard de Nguyen",Paris,France,75016,Yes
1493,04609-95151-XH,Devy,Bulbrook,devy.bulbrook@gmail.com,+33 2 07 25 85 49,"13, chemin Bonneau",Paris,France,75016,Yes
1257,30585-48726-BK,Donnie,Hedlestone,dhedlestone7m@craigslist.org,+33 1 40 28 50 57,avenue Hoareau,Paris,France,75016,Yes
1824,44932-34838-RM,Wyatan,Fetherston,wfetherston9e@constantcontact.com,+33 5 66 24 48 62,"66, chemin Guillou",Paris,France,75016,Yes
1464,49888-39458-PF,Antone,Harrold,aharroldch@miibeian.gov.cn,+33 2 06 66 76 46,"86, avenue de Lesage",Paris,France,75016,Yes
1924,28327-84469-ND,Rodolfo,Willoway,rwillowaycq@admin.ch,+33 5 57 54 11 91,"13, chemin Georges Fouquet",Paris,France,75016,Yes
1619,79825-17822-UH,Daryn,Dibley,ddibleyd7@feedburner.com,+33 5 67 36 32 06,"75, rue Guillaume Pires",Paris,France,75016,Yes
1559,61323-91967-GG,Theo,Jacobovitz,tjacobovitziz@cbc.ca,+33 1 42 18 23 66,"93, rue Nicolas Daniel",Paris,France,75016,Yes
1515,90123-01967-KS,Becca,Ableson,becca.ableson@hotmail.com,+33 5 06 34 96 71,"77, rue Moreno",Paris,France,75016,Yes
1080,60357-65386-RD,Hetti,Measures,hetti.measures@gmail.com,+33 2 28 13 06 98,"41, avenue Grégoire Maillot",Paris,France,75016,Yes
1175,87242-18006-IR,Lyon,Ibert,libertkl@huffingtonpost.com,+33 3 57 97 87 70,"151, avenue Andre",Paris,France,75016,Yes
1641,53729-30320-XZ,Ericka,Tripp,etrippmt@wp.com,+33 2 53 26 43 23,"774, boulevard Alice Launay",Paris,France,75016,Yes
1356,40535-56770-UM,Tawnya,Menary,tmenaryp7@phoca.cz,+33 4 11 99 26 98,"444, rue de Millet",Paris,France,75016,Yes
1561,79463-01597-FQ,Sharl,Southerill,sharl.southerill@gmail.com,+33 3 19 64 11 47,"559, rue Allain",Paris,France,75016,Yes
1995,92048-47813-QB,Mab,Blakemore,mblakemorer5@nsw.gov.au,+33 5 58 48 14 64,"177, rue de Leconte",Paris,France,75016,Yes
1432,77869-81373-AY,Margarette,Sterland,margarette.sterland@hotmail.com,+33 5 03 19 86 69,"58, rue de Robert",Paris,France,75016,Yes
1833,77634-13918-GJ,Zorina,Ponting,zponting10@altervista.org,+33 3 46 10 56 70,"87, chemin de Lopez",Paris,France,75017,Yes
1578,11408-81032-UR,Tomas,Sutty,tsutty6i@google.es,+33 3 89 27 61 35,"25, rue Arthur Bousquet",Paris,France,75017,Yes
1520,25514-23938-IQ,Monica,Fearon,mfearon7h@reverbnation.com,+33 4 68 05 81 20,"173, chemin Martin Reynaud",Paris,France,75017,Yes
1663,43974-44760-QI,Warner,Maddox,wmaddox7l@timesonline.co.uk,+33 2 43 07 50 23,"177, rue Goncalves",Paris,France,75017,Yes
1052,94525-76037-JP,Ethel,Ryles,eryles9r@fastcompany.com,+33 4 51 38 54 01,"90, boulevard Sophie Colas",Paris,France,75017,Yes
1753,59572-41990-XY,Kaja,Loxton,kloxtona3@opensource.org,+33 2 06 52 43 50,"91, avenue Geneviève Chauvet",Paris,France,75017,Yes
1777,93832-04799-ID,Saree,Ellesworth,saree.ellesworth@gmail.com,+33 4 64 20 39 68,"5, chemin Bonnin",Paris,France,75017,Yes
1535,61516-88984-DK,Maximo,Bricksey,mbrickseybx@youku.com,+33 4 98 37 98 21,"288, avenue de Labbé",Paris,France,75017,Yes
1284,10637-45522-ID,Erny,Stenyng,erny.stenyng@yahoo.com,+33 2 00 33 47 98,"63, rue de Colas",Paris,France,75017,Yes
1079,58443-95866-YO,Stearne,Count,scountjq@nba.com,+33 1 56 64 71 96,"32, avenue de Courtois",Paris,France,75017,Yes
1441,98185-92775-KT,Chester,Clowton,chester.clowton@hotmail.com,+33 3 26 03 87 87,"93, avenue Lefort",Paris,France,75017,Yes
1507,90285-56295-PO,Lenci,Haggerstone,lhaggerstonemn@independent.co.uk,+33 3 23 05 14 24,"16, chemin Pages",Paris,France,75017,Yes
1760,69171-65646-UC,Joceline,Reddoch,jreddochnt@sun.com,+33 4 35 76 03 11,"63, chemin Guichard",Paris,France,75017,Yes
1536,15764-22559-ZT,Cece,Inker,cece.inker@yahoo.com,+33 1 25 94 49 17,"92, boulevard de Lemaître",Paris,France,75017,Yes
1151,32562-55185-DQ,Chastity,Swatman,cswatmanoi@cbslocal.com,+33 1 98 21 85 28,"6, rue Ledoux",Paris,France,75017,Yes
1731,34419-18068-AG,Dolores,Duffie,dduffiepr@time.com,+33 1 49 65 89 71,chemin de Chauvet,Paris,France,75017,Yes
1901,86561-91660-RB,Beryle,Cottier,cmoney@aol.com,+33 1 78 67 22 50,rue Frédérique Picard,Paris,France,75018,Yes
1878,24825-51803-CQ,Faber,Eilhart,feilhartz@who.int,+33 4 52 00 17 07,avenue Capucine Jacquot,Paris,France,75018,Yes
1784,42770-36274-QA,Hayward,Goulter,hgoulter1w@abc.net.au,+33 5 43 66 69 77,"91, chemin de Bègue",Paris,France,75018,Yes
1444,76841-77583-BJ,Sylas,Becaris,sbecaris3d@google.ru,+33 3 61 58 73 52,"1, avenue Claude Renaud",Paris,France,75018,Yes
1706,83737-56117-JE,Ameline,Snazle,asnazle9l@oracle.com,+33 4 02 92 24 94,chemin de Lefort,Paris,France,75018,Yes
1395,29588-35679-RG,Nicko,Corps,ncorpsa0@gmpg.org,+33 4 49 41 08 59,"87, avenue de Clément",Paris,France,75018,Yes
1308,29738-86305-ZU,Berte,Gaddes,berte.gaddes@hotmail.com,+33 2 50 10 26 54,"66, rue Étienne",Paris,France,75018,Yes
1357,23187-65750-HZ,Starr,Arpin,sarpinep@moonfruit.com,+33 3 03 51 58 69,"7, avenue Lacroix",Paris,France,75018,Yes
1534,06279-72603-JE,Rana,Sharer,rsharerer@flavors.me,+33 3 43 42 48 54,"6, rue Alex Bruneau",Paris,France,75018,Yes
1461,66580-33745-OQ,Shelley,Gehring,sgehringjl@gnu.org,+33 4 78 80 60 62,"24, rue Pauline Morvan",Paris,France,75018,Yes
1054,19820-29285-FD,Barrie,Fallowes,bfallowesjm@purevolume.com,+33 2 36 58 38 98,"57, rue Hamel",Paris,France,75018,Yes
1282,86110-83695-YS,Merell,Zanazzi,merell.zanazzi@yahoo.com,+33 4 48 06 02 48,"3, boulevard Chrétien",Paris,France,75018,Yes
1588,08934-65581-ZI,Redd,Simao,rsimaonv@simplemachines.org,+33 2 57 60 03 96,boulevard de Lombard,Paris,France,75018,Yes
1807,20118-28138-QD,Jaquenette,Skentelbery,jskentelberyoa@paypal.com,+33 1 66 21 21 49,"8, rue Bertin",Paris,France,75018,Yes
1403,17572-27091-AA,Constanta,Hatfull,chatfullog@ebay.com,+33 1 12 87 79 91,"39, rue de Giraud",Paris,France,75018,Yes
1020,36192-07175-XC,Mitch,Attwool,mattwoolpl@nba.com,+33 3 54 46 88 60,"1, rue Dupuis",Paris,France,75018,Yes
1983,15456-29250-RU,Jaimie,Hatz,jaimie.hatz@yahoo.com,+33 1 85 15 88 54,"48, rue Besson",Paris,France,75018,Yes
1437,89074-09459-KV,Eward,Dearman,edearmanqk@redcross.org,+33 4 35 76 03 11,"60, chemin Margot Marie",Paris,France,75018,Yes
1127,51277-93873-RP,Claudell,Ayre,cayrere@symantec.com,+33 4 01 70 03 12,"54, rue Teixeira",Paris,France,75018,Yes
1229,34015-31593-JC,Emiline,Priddis,epriddis2w@nationalgeographic.com,+33 4 08 47 74 34,"91, rue Véronique Courtois",Paris,France,75019,Yes
1806,34104-15243-UX,Jeddy,Vanyarkin,jeddy.vanyarkin@hotmail.com,+33 2 42 20 55 62,"61, boulevard Madeleine Raymond",Paris,France,75019,Yes
1069,69503-12127-YD,Nickey,Dimbleby,nickey.dimbleby@yahoo.com,+33 5 94 14 77 43,"26, boulevard Constance François",Paris,France,75019,Yes
1019,77876-28498-HI,Xenos,Gibbons,xgibbonsb0@artisteer.com,+33 3 29 14 53 09,"9, chemin de Prévost",Paris,France,75019,Yes
1495,44865-58249-RY,Neely,Broadberrie,nbroadberrieb4@gnu.org,+33 4 70 01 23 44,"22, avenue Gomes",Paris,France,75019,Yes
1621,22221-71106-JD,Rhona,Lequeux,rlequeuxcz@newyorker.com,+33 3 40 49 91 94,"57, boulevard de Mary",Paris,France,75019,Yes
1701,67204-04870-LG,Alf,Housaman,alf.housaman@gmail.com,+33 1 21 26 96 88,"93, chemin de Nguyen",Paris,France,75019,Yes
1336,76499-89100-JQ,Mag,Armistead,marmisteadeg@blogtalkradio.com,+33 1 90 25 06 89,"469, rue de Maréchal",Paris,France,75019,Yes
1323,79857-78167-KO,Darice,Heaford,dheafordjy@twitpic.com,+33 1 51 05 14 29,"8, chemin de Joubert",Paris,France,75019,Yes
1009,12607-75113-UV,Jule,Deehan,jdeehanlk@about.me,+33 3 66 08 07 50,"87, boulevard Bouvet",Paris,France,75019,Yes
1941,08946-56610-IH,Lacee,Burtenshaw,lburtenshawlp@shinystat.com,+33 5 24 86 21 62,"33, rue Frédéric Pasquier",Paris,France,75019,Yes
1778,84074-28110-OV,Bayard,Wellan,bwellanmp@cafepress.com,+33 3 89 58 71 32,"8, boulevard de Leroux",Paris,France,75019,Yes
1112,01474-63436-TP,Read,Cutts,rcuttspy@techcrunch.com,+33 1 36 81 47 18,boulevard Louis,Paris,France,75019,Yes
1877,27702-50024-XC,Noni,Furber,nfurberqz@jugem.jp,+33 4 96 96 67 08,boulevard Dubois,Paris,France,75019,Yes
1100,39123-12846-YJ,Gallard,Gatheral,ggatheralx@123-reg.co.uk,+33 5 37 57 92 45,"5, rue de Couturier",Paris,France,75020,Yes
1117,21240-83132-SP,Jessica,McNess,jessica.mcness@hotmail.com,+33 4 62 61 43 62,"43, rue Bernadette Diaz",Paris,France,75020,Yes
1359,40768-49176-BL,Horatio,Rubberts,hrubberts1h@google.com.hk,+33 5 79 46 00 77,"55, boulevard Roger Allain",Paris,France,75020,Yes
1952,55871-61935-MF,Lind,Conyers,lconyers2y@twitter.com,+33 4 49 17 68 77,"71, avenue de Monnier",Paris,France,75020,Yes
1273,48389-71976-JB,Devon,Magowan,dmagowan6n@fc2.com,+33 5 89 37 55 93,"51, boulevard de Hervé",Paris,France,75020,Yes
1513,80179-44620-WN,Cleve,Blowfelde,cblowfelde73@ustream.tv,+33 5 29 29 96 15,boulevard de Lambert,Paris,France,75020,Yes
1369,32291-18308-YZ,Javier,Kopke,jkopke7a@auda.org.au,+33 1 98 43 59 89,rue Renard,Paris,France,75020,Yes
1584,77043-48851-HG,Lewes,Danes,ldanes9n@umn.edu,+33 4 45 78 60 59,rue Guillaume Poulain,Paris,France,75020,Yes
1675,91336-36621-RB,Selie,Baulcombe,sbaulcombe9s@dropbox.com,+33 1 31 28 28 90,"78, rue Prévost",Paris,France,75020,Yes
1448,23446-47798-ID,Carmelita,Thowes,cthowescp@craigslist.org,+33 2 17 13 31 15,"3, rue Madeleine Foucher",Paris,France,75020,Yes
1402,02009-87294-SY,Vasily,Polglase,vpolglasefd@about.me,+33 3 74 14 90 65,"410, rue Charlotte Boulay",Paris,France,75020,Yes
1910,25331-13794-SB,Ferdie,Tourry,ftourryil@google.de,+33 1 23 64 21 12,"80, avenue de Labbé",Paris,France,75020,Yes
1332,55915-19477-MK,Alica,Kift,alica.kift@hotmail.com,+33 4 33 92 03 94,"6, rue de Paris",Paris,France,75020,Yes
1923,34786-30419-XY,Fanchon,Haughian,fhaughianq8@1688.com,+33 3 00 75 00 07,"8, rue Lesage",Paris,France,75020,Yes
1616,04317-46176-TB,Ingamar,Eberlein,ieberleinqf@hc360.com,+33 1 30 29 37 24,rue Fontaine,Paris,France,75020,Yes
1372,54810-81899-HL,Cletis,Giacomazzo,cgiacomazzo27@jigsy.com,+33 2 19 44 89 49,"6, boulevard Jules Arnaud",Issy-les-Moulineaux,France,92130,Yes
1938,76005-95461-CI,Aurlie,McCarl,aurlie.mccarl@yahoo.com,+33 4 25 10 68 47,avenue Bertrand Chartier,Ivry-sur-Seine,France,94200,Yes
1637,37191-12203-MX,Perkin,Stonner,pstonner8e@moonfruit.com,+33 2 01 64 19 80,"64, boulevard de Bourgeois",Ivry-sur-Seine,France,94200,Yes
1697,70290-38099-GB,Janifer,Bagot,jbagot8i@mac.com,+33 2 49 65 62 38,"50, rue Aimée Lombard",Ivry-sur-Seine,France,94200,Yes
1001,47725-34771-FJ,Stacy,Pickworth,stacy.pickworth@gmail.com,+33 4 93 58 31 41,"804, rue Lelièvre",Ivry-sur-Seine,France,94200,Yes
1946,37274-08534-FM,Selma,McMillian,smcmillian8t@csmonitor.com,+33 4 94 36 42 48,"15, chemin Josette Lambert",Ivry-sur-Seine,France,94200,Yes
1827,19597-91185-CM,Diena,Peetermann,diena.peetermann@gmail.com,+33 2 59 92 93 71,"80, avenue de Cordier",Ivry-sur-Seine,France,94200,Yes
1693,43439-94003-DW,Flynn,Antony,flynn.antony@gmail.com,+33 4 94 75 75 10,"50, rue Hubert",Ivry-sur-Seine,France,94200,Yes
1801,33622-01348-PF,Fiorenze,Drogan,fdrogan96@gnu.org,+33 3 67 79 23 75,"536, rue Lucas Bernard",Ivry-sur-Seine,France,94200,Yes
1665,76930-61689-CH,Elonore,Goodings,elonore.goodings@gmail.com,+33 2 12 11 10 85,"5, rue de Parent",Ivry-sur-Seine,France,94200,Yes
1082,30381-64762-NG,Adham,Greenhead,agreenhead2j@dailymail.co.uk,+01 1 44 96 01 26,0062 Spenser Place,London,United Kingdom,E1 6AN,Yes
1516,11349-55147-SN,Nicolas,Aiton,nicolas.aiton@hotmail.com,+01 1 84 96 08 54,4 Colorado Center,London,United Kingdom,E1 7AA,Yes
1381,54387-64897-XC,Fransisco,Malecky,fmalecky5t@list-manage.com,+01 1 64 96 09 35,11 Dakota Lane,London,United Kingdom,E1 7AD,Yes
1209,64988-20636-XQ,Silas,Deehan,silas.deehan@yahoo.com,+4401154960310,77 Sycamore Pass,London,United Kingdom,E1 7AD,Yes
1617,84260-39432-ML,Minette,Whellans,mwhellans5v@mapquest.com,+02 0 74 96 02 33,3 High Crossing Way,London,United Kingdom,E1 7AF,Yes
1443,20077-67239-EC,Selestina,Greedyer,sgreedyerjw@parallels.com,+01 3 14 96 06 15,9707 Leroy Junction,London,United Kingdom,E1 7AF,Yes
1694,80247-70000-HT,Emiline,Galgey,egalgey5x@wufoo.com,+08 0 81 57 07 79,6 Park Meadow Plaza,London,United Kingdom,E1 7AX,Yes
1883,64896-18468-BT,Selle,Scurrer,sscurrerk9@flavors.me,+4401154960678,99 Mariners Cove Trail,London,United Kingdom,E1 7AX,Yes
1875,35058-04550-VC,Murdock,Hame,mhame5y@newsvine.com,+02 0 74 96 04 71,0 Burning Wood Drive,London,United Kingdom,E1 7BH,Yes
1934,27226-53717-SY,Ilka,Gurnee,igurnee5z@usnews.com,+01 6 14 96 06 51,1 Troy Circle,London,United Kingdom,E1 7BS,Yes
1620,90392-73338-BC,Natal,Vigrass,nvigrasski@ezinearticles.com,+01 1 44 96 03 31,1375 Parkside Junction,London,United Kingdom,E1 7BS,Yes
1184,10725-45724-CO,Kandace,Cragell,kcragellkk@google.com,+01 5 14 96 07 65,772 Buhler Point,London,United Kingdom,E1 7BT,Yes
1040,38487-01549-MV,Godfry,Poinsett,gpoinsett61@berkeley.edu,+01 1 54 96 03 25,75026 Monica Parkway,London,United Kingdom,E1 7DA,Yes
1337,76948-43532-JS,Jordana,Halden,jhaldenkp@comcast.net,+441174960180,70 Oriole Lane,London,United Kingdom,E1 7DA,Yes
1489,24344-88599-PP,Hussein,Olliff,holliffkq@sciencedirect.com,+01 1 74 96 01 32,251 Shoshone Terrace,London,United Kingdom,E1 7DB,Yes
1269,72463-75685-MV,Charis,Crosier,ccrosier63@xrea.com,+02 9 20 18 07 76,54506 Arapahoe Center,London,United Kingdom,E1 7DD,Yes
1868,14797-35530-HY,Monte,Percifull,mpercifull64@netlog.com,+03 0 69 99 02 64,7 Stoughton Hill,London,United Kingdom,E1 7DG,Yes
1538,40600-58915-WZ,Sharona,Danilchik,sdanilchikl6@mit.edu,+440292018474,273 Nelson Parkway,London,United Kingdom,E1 7DJ,Yes
1965,48090-06534-HI,Waneta,Edinborough,wedinborough66@github.io,+09 0 98 79 05 88,1 Golden Leaf Hill,London,United Kingdom,E1 7DP,Yes
1922,91509-62250-GN,Dalia,Eburah,deburahld@google.co.jp,+4403069990788,23 Summerview Place,London,United Kingdom,E1 7DP,Yes
1640,43452-18035-DH,Alva,Filipczak,afilipczaklh@ning.com,+01 6 32 96 08 00,4847 Vera Crossing,London,United Kingdom,E1 7DR,No
1672,20260-32948-EB,Adorne,Gregoratti,agregorattilq@vistaprint.com,+441174960676,27208 Maple Avenue,London,United Kingdom,E1 7DS,No
1446,11550-78378-GE,Elsbeth,Westerman,ewesterman69@si.edu,+441514960041,7 Packers Court,London,United Kingdom,E1 7DW,No
1197,90961-35603-RP,Anabelle,Hutchens,ahutchens6a@amazonaws.com,+441144960126,8 Russell Plaza,London,United Kingdom,E1 7EA,No
1174,49012-12987-QT,Man,Fright,mfrightm8@harvard.edu,+01 9 14 96 00 58,27242 Fordem Crossing,London,United Kingdom,E1 7EB,No
1275,89115-11966-VF,Beltran,Mathon,bmathon6c@barnesandnoble.com,+08 0 81 57 03 99,6131 Huxley Pass,London,United Kingdom,E1 7ED,No
1049,19413-02045-CG,Jammie,Cloke,jammie.cloke@yahoo.com,+4401614960736,844 Lawn Drive,London,United Kingdom,E1 7ED,No
1851,05754-41702-FG,Kristos,Streight,kstreight6d@about.com,+00 2 92 01 81 17,5 Anderson Court,London,United Kingdom,E1 7EE,No
1126,79058-02767-CP,Conny,Gheraldi,cgheraldi6g@opera.com,+4401914960717,28998 Cottonwood Point,London,United Kingdom,E1 7EF,No
1281,78226-97287-JI,Koren,Ferretti,kferrettimf@huffingtonpost.com,+08 0 81 57 00 00,372 Northland Street,London,United Kingdom,E1 7EF,No
1505,32070-55528-UG,Samuele,Ales0,samuele.ales0@hotmail.com,+01 1 64 96 00 55,0023 Westport Terrace,London,United Kingdom,E1 7EG,No
1730,48873-84433-PN,Carlie,Harce,charce6k@cafepress.com,+01 1 44 96 09 87,8 Melrose Center,London,United Kingdom,E1 7ER,No
1390,97152-03355-IW,Georgena,Bentjens,gbentjens6u@netlog.com,+441314960323,4738 Bashford Crossing,London,United Kingdom,E1 7ES,No
1814,46560-73885-PJ,Rosaline,McLae,rmclae72@dailymotion.com,+08 0 81 57 07 66,1065 Myrtle Center,London,United Kingdom,E1 7HA,No
1483,12444-05174-OO,Irv,Hay,ihay77@lulu.com,+01 6 14 96 07 17,667 Florence Drive,London,United Kingdom,E1 7HE,No
1809,53683-35977-KI,Myles,Seawright,mseawright7e@nbcnews.com,+441414960178,5021 Summit Drive,London,United Kingdom,E1 7HP,No
1650,03157-23165-UB,Flory,Crumpe,fcrumpe7u@ftc.gov,+4401174960254,1 Hanover Terrace,London,United Kingdom,E1 7HY,No
1141,64852-04619-XZ,Violante,Skouling,violante.skouling@gmail.com,+4401144960003,9366 Bunting Center,London,United Kingdom,E1 7JD,No
1738,22349-47389-GY,Benn,Checci,bchecci8h@usa.gov,+01 5 14 96 04 87,88 West Avenue,London,United Kingdom,E1 7JE,No
1018,62588-82624-II,Cos,Fluin,cfluin8k@flickr.com,+01 3 14 96 01 31,88 Jenna Point,London,United Kingdom,E1 7JF,No
1957,84132-22322-QT,Paola,Brydell,pbrydell8m@bloglovin.com,+441164960949,826 Judy Alley,London,United Kingdom,E1 7JG,No
1343,83308-82257-UN,Nanny,Lush,nlush8s@dedecms.com,+01 1 44 96 05 30,1 Annamark Drive,London,United Kingdom,E1 7JJ,No
1725,96503-31833-CW,Skylar,Jeyness,sjeyness8y@biglobe.ne.jp,+01 6 32 96 01 71,43 Fremont Point,London,United Kingdom,E1 7LS,No
1055,62741-01322-HU,Terencio,O'Moylan,tomoylan9c@liveinternet.ru,+01 2 14 96 00 53,19 Kings Pass,London,United Kingdom,E1 7LW,No
1904,22721-63196-UJ,Gladi,Ducker,gduckerdx@patch.com,+01 1 44 96 02 67,5069 Boyd Parkway,London,United Kingdom,E1 7PZ,No
1228,92793-68332-NR,Heall,Perris,hperrise4@studiopress.com,+4401144960774,043 Bashford Point,London,United Kingdom,E1 7QB,No
1649,66240-46962-IO,Berty,Beelby,bbeelbyej@rediff.com,+441184960644,844 Sachs Avenue,London,United Kingdom,E1 7TL,No
1772,53631-24432-SY,Irvine,Phillpot,iphillpoten@buzzfeed.com,+4401914960345,07208 Eastlawn Drive,London,United Kingdom,E1 8AB,No
1703,73017-69644-MS,Timoteo,Glisane,timoteo.glisane@yahoo.com,+4401164960968,2 Coolidge Crossing,London,United Kingdom,E1 8AH,No
1929,87223-37422-SK,Rufus,Flear,rflearf5@artisteer.com,+4401614960861,30 Mayer Terrace,London,United Kingdom,E1 8AQ,No
1285,57837-15577-YK,Dom,Milella,dom.milella@yahoo.com,+01 1 34 96 03 85,87 Cascade Crossing,London,United Kingdom,E1 8AR,No